image_name,height
Joan-Crawford.jpg,161
Oleg-Yankovsky.jpg,177
John-Turturro.jpg,178
Mikhail-Baryshnikov.jpg,162
RFK-Jr.jpg,182
Rowan-Atkinson.jpg,179
Rob-Delaney.jpeg,190
Dmitri-Medvedev.jpg,169
Bray-Wyatt.jpg,185
Lance-Reddick.jpg,186
Brent-Spiner.jpg,175
Adrian-Layne.jpg,179
Nurlan-Saburov.jpg,194
Anton-Shastun.jpg,198
Henry-Fonda.jpg,177
Omar-Sharif.jpg,174
Cate-Blanchett.jpg,170
Christopher-Lambert.jpg,177
Xander-Berkeley.jpeg,178
Steven-Bauer.jpeg,181
William-Fichtner.jpeg,177
Jodie-Foster.jpg,157
Bruce-Lee.jpg,167
Burt-Bacharach.jpg,166
Lee-Van-Cliff.jpg,182
Anthony-Quinn.jpg,177
Graham-Greene.jpg,174
William-Macy.jpg,172
Eric-Burdon.jpg,161
Joe-Mantegna.jpeg,176
Michael-Nouri.jpeg,184
Richard-Dreyfuss.jpeg,163
Patrick-Fugit.jpeg,181
Ian-Hart.jpeg,170
Proof.jpg,175
Mekhi-Phifer.jpg,173
Christian-Coulson.jpg,173
Devon-Murray.jpeg,155
Ben-Barnes.jpeg,180
Eminem.jpeg,170
Sean-Biggerstaff.jpeg,174
Ioan-Gruffudd.jpg,178
Linda-Hamilton.jpg,162
JamesWhitmore.jpg,163
Glenn-Ford.jpg,173
Treat-Williams.jpg,178
Kevin-J-O-Connor.jpg,177
Luke-Hemsworth.jpg,175
Alfred-Enoch.jpg,185
Macaulay-Culkin.jpeg,166
Bob-Gunton.jpg,182
Ben-Foster.jpg,171
John-Ritter.jpg,179
Yves-Montand.jpg,181
Andy-Williams.jpg,166
River-Phoenix.jpg,174
Arthur-Penn.jpg,164
Joel-Coen.jpg,180
Dr-Dre.jpg,179
Ron-Howard.jpg,170
Estelle-Parsons.jpg,158
Rhys-Ifans.jpg,187
Michael-J-Pollard.jpg,165
Fidel-Castro.jpg,178
Alec-Guinness.jpg,171
Yul-Brynner.jpg,168
Gus-Van-Sant.jpg,172
Stephen-Dorff.jpg,169
Alexander-Lukashenko.jpg,180
Matthew-Lewis.jpg,179
Mark-Harmon.jpeg,180
Bryan-Brown.jpg,182
Faye-Dunaway.jpg,163
James-Hong.jpeg,172
John-Huston.jpg,183
Stanley-Kubrick.jpg,168
Lee-J-Cobb.jpg,175
Andy-Warhol.jpg,173
Powers-Boothe.jpg,185
Frank-Grillo.jpg,174
James-Purefoy.jpg,182
Cody-Rhodes.jpg,183
Bob-Dylan.jpg,167
Keith-David.jpg,181
Olaf-Scholz.jpg,167
Bob-Geldof.jpg,182
Colin-Jost.jpg,177
Bill-Burr.jpg,177
John-Rhys-Davd.jpg,176
JohnCReilly.jpg,186
Michael-Palin.jpg,175
Frankie-Valli.jpg,157
Fred-Macmurray.jpg,184
Warren-Frost.jpg,173
Katharine-Hepburn.jpg,163
Albert-Hall.jpg,173
Jeremy-Clarkson.jpg,191
Roger-Corman.jpg,179
David-Hasselhoff.jpg,190
Joel-Grey.jpg,159
Chris-Mulkey.jpg,183
Stacy-Keach.jpg,174
Raymond-Burr.jpg,180
Albert-Finney.jpg,171
Hugh-Hefner.jpg,169
Jorge-Garcia.jpg,180
Charlotte-Flair.jpg,173
Luc-Besson.jpg,171
Eric-Idle.jpg,179
FForest-RIP.jpg,171
David-Attenborough.jpg,171
James-Mason.jpg,174
Dirk-Bogarde.jpg,170
Richard-Attenborough.jpg,162
James-Fox.jpg,181
Jack-Fox.jpg,189
Laurence-Fox.jpg,185
Dan-Stevens.jpg,180
Aaron-Eckhart.jpeg,177
John-Heard.jpg,169
Recep-Tayyip-Erdogan.jpg,183
Gabriel-Byrne.jpg,171
Edward-Fox.jpg,166
Freddie-Fox.jpg,175
Sterling-Hayden.jpg,189
Scott-Glenn.jpg,178
Justin-Theroux.jpg,176
Harry-Melling1.jpg,175
Omar-Sy.jpg,188
William-Hurt.jpg,182
Bob-Saget.jpg,186
Jerry-Lee-Lewis.jpg,171
Jack-Nance.jpg,167
James-Nesbitt.jpg,178
Jim-Jarmusch.jpg,185
Graham-McTavish.jpg,184
Michael-Badalucco.jpg,165
Fred-Ward.jpg,170
Emma-Thompson.jpg,171
Nick-Stahl.jpg,176
Dan-O-Herlihy.jpg,178
Terry-Gilliam.jpg,172
Peter-Facinelli.jpg,178
John-Larroquette1.jpg,189
Shinzo-Abe.jpg,174
Jimmi-Simpson.jpg,180
Vincent-Cassel.jpg,181
Emma-Stone.jpg,168
John-Candy.jpg,184
Derek-Jacobi.jpg,171
Henry-Winkler.jpg,164
Everett-McGill.jpg,183
Nikolaj-Baskov1.jpg,169
Ben-Whishaw.jpg,175
Josh-Hutcherson.jpg,164
Charles-Dance.jpg,187
Randy-Quaid.jpg,195
Rosemary-Harris.jpg,160
Judi-Dench.jpg,153
Marcelllo-Mastroianni.jpg,173
Peter-Ustinov.jpg,171
Julie-Andrews1.jpg,166
Colin-Morgan.jpg,182
Roger-Waters.jpg,181
Kenneth-Welsh.jpg,169
Billy-Boyd.jpg,163
Spencer-Treat-Clark.jpg,179
James-Gandolfini.jpg,180
Hugh-Grant.jpg,177
Bob-Newhart.jpg,162
James_Rebhorn.jpg,186
Tyler-Perry.jpg,194
Steve-Martin.jpg,177
Rod-Steiger.jpg,172
Don-Murray.jpg,180
Mick-Jagger.jpg,173
Michael-Biehn.jpg,179
Lance-Henriksen.jpg,171
Corin-Redgrave1.jpg,181
Lynn-Redgrave.jpg,174
Tom-Skerritt.jpg,175
Lee-Byung-Hun.jpg,173
Billy-Bob-Thornton.jpg,176
Anjelica-Huston.jpg,173
Rutger-Hauer.jpg,178
Liv-Tyler.jpg,172
Russ-Tamblyn.jpg,170
Greg-Kinnear.jpg,175
EDDIE_GUERRERO.jpg,168
Alexander-Vucic.jpg,197
Ricky-Gervais.jpg,170
Xi-Jinping.jpg,176
Jose-Ferrer.jpg,171
Gerard-Depardieu.jpg,174
Damian-Lewis.jpg,183
Norman-Jewison.jpg,164
Pat-Boone.jpg,172
William-Baldwin.jpg,184
George-Chakiris.jpg,173
Rob-Knox.jpg,182
Alfred-Molina.jpg,185
Rita-Moreno.jpg,154
Paul-Anka.jpg,160
Rosemary-Clooney1.jpg,163
Ramzan-Kadyrov.jpg,175
Richard-Chamberlain.jpg,178
Quincy-Jones.jpg,164
Glen-Campbell.jpg,177
Sean-Astin.jpg,165
Jason-Segel.jpg,191
Richard-Beymer.jpg,182
Natalie-Wood.jpg,159
Ashley-Judd.jpg,166
Ciaran-Hinds.jpg,179
Miguel-Ferrer.jpg,180
Jim-Sheridan.jpg,161
Mike-Farrell.jpg,188
Roberet-Forster.jpg,175
Nick-Cave.jpg,185
Vanessa-Redgrave.jpg,168
Pete-Postlethwaite.jpg,172
Michael-Mann.jpg,167
Jim-Broadbent.jpg,184
Chris-Cooper.jpg,173
David-Schwimmer.jpg,183
Don-Henley.jpg,178
Ed-Begley-JR.jpg,190
Lauren-Bacall.jpg,165
Scarlett-Johansson.jpg,162
Matt-LeBlanc.jpg,176
John-Savage.jpg,167
Doug-Hutchison.jpg,165
PSorvino-Rip.jpg,186
Michael-Clarke-Duncan.jpg,191
Michael-Jeter.jpg,162
Jeffrey-DeMunn.jpg,170
Ridley-Scott.jpg,168
Sam-Waterston.jpg,183
Harry-Dean-Stanton.jpg,169
Timothy-Spall.jpg,168
Emma-Watson.jpg,163
Fiona-Shaw.jpg,172
Robbie-Coltrane-RIP.jpg,179
Mark-Williams.jpg,180
Ennio-Morricone.jpg,163
Sergio-Leone.jpg,170
F-Murray-Abraham.jpg,172
John-Cleese.jpg,192
John-Lithgow.jpg,188
Jerry-Stiller.jpg,159
Midge-Ure.jpg,166
Christopher-Lloyd.jpg,179
Steve-MCQueen.jpg,176
Paul-Thomas-Anderson.jpg,178
Sophia-Loren.jpeg,164
Danny-Huston.jpg,184
Ian-Holm.jpg,161
Peter-Sellers.jpg,171
Julie-Walters.jpg,156
David-Bradley.jpg,173
Eric-Roberts.jpg,174
James-Garner.jpg,180
David-Tennant.jpg,181
Maggie-Smith.jpg,160
Richard-Donner.jpg,180
Alan-Alda.jpg,182
Michael-Gambon-RIP.jpg,175
John-Cazale.jpg,177
Chris-Columbus.jpg,171
Stephen-Graham.jpg,162
Richard-Harris.jpg,178
Gabriel-Luna.jpg,180
DWarner-Rip.jpg,183
Andy-Serkis.jpeg,168
James-Coburn.jpg,182
John-Hurt.jpg,169
Walter-Mondale.jpg,173
Adam-Goldberg.jpg,179
Jeremy-Davies.jpg,172
Giovanni-Ribisi.jpg,170
ChrisODonnell.jpg,176
Ernest-Borgnine.jpg,170
Paul-Giamatti.jpg,171
Chris-Isaak.jpg,180
John_Williams.jpg,173
Robert-Mitchum.jpg,177
Johnny-Carson.jpg,174
Mykelti-Williamson.jpg,188
Tom-Selleck.jpg,187
Dennis-Farina.jpg,181
Jonathan-Pryce.jpg,180
MS.jpg,163
image22.jpg,174
Franco-Nero.jpg,172
William-Shatner.jpg,171
James-Stewart.jpg,182
Jake-Busey.jpg,190
Bob-Odenkirk.jpg,175
David-Carradine.jpg,177
GeorgeHWBush.jpg,183
Jason-Mewes.jpg,176
Zack-Snyder.jpeg,170
QueenRIP.jpg,149
BrianDePalma.jpg,172
Henry-Kissinger-RIP.jpg,164
Prince-Charles.jpg,174
Daniel-Stern.jpg,189
John-Malkovich.jpg,177
Leslie-Philips-RIP.jpg,168
Lloyd-Bridges.jpg,176
Norman-Lear-RIP.jpg,169
Jack_Pallance.jpg,184
Richard-Griffiths.jpg,173
Mel-Brooks.jpg,160
Ted-Danson.jpg,185
Richard-Gere.jpg,176
John-Goodman.jpg,181
Daniel-Bruhl.jpg,174
James-Phelps.jpg,186
Oliver-Phelps.jpg,188
Bill-Campbell.jpg,190
Jennifer-Lopez.jpg,162
Bob-Dole-RIP.jpg,180
Cuba-Gooding-JR.jpg,176
Brooke-Shields.jpg,175
Timothee-Chalamet.jpg,175
Stanley-Tucci.jpeg,171
Marlon-Brando.jpg,169
Gregory-Peck.jpg,183
Stephen-Fry.jpg,193
Phince-Prilip.jpg,177
Betty-White-RIP.jpg,155
Gorbachev-RIP.jpg,168
Michael-Shannon.jpg,192
Matthew-Broderick.jpg,172
Wade-Barrett.jpg,197
Diane-Keaton.jpg,164
James-Earl-Jones.jpg,177
Kevin-Kline.jpg,183
Karl-Malden.jpg,178
Deontay-Wilder.jpg,198
Rob-Reiner.jpg,184
Carl-Reiner.jpg,175
Elvis-Presley.jpg,179
Asner-RIP.jpg,166
WalterMatthau.jpg,182
JoePesci.jpg,158
Elton-John.jpg,170
Dean-Norris.jpg,168
Hozier.jpg,195
Tommy-Flanagan.jpg,180
Jack-Lemmon.jpg,170
Oliver-Stone.jpg,180
David-Gilmour.jpg,177
Emir-Kusturica.jpg,185
LKRIP.jpg,169
Jimmy-Carter.jpg,166
Ery-Celwes.jpg,176
Joe-Biden.jpg,179
David-Bowie.jpg,171
Jane-Fonda.jpg,165
Gosha-Kutsenko.jpg,181
Westam-Ad.jpg,177
Wentworth-Miller.jpg,181
Leonard-Nimoy.jpg,178
Timothy-Dalton.jpg,183
Djimon-Hounsou.jpg,185
Charles-Memton.jpg,178
Malcolm-Mcdowell.jpg,170
Kelsey-Grammer.jpg,182
AngelaLansbury-RIP.jpg,163
Joe-Dempsie.jpg,171
Ray-Liotta-Rip.jpg,177
Tom-Jones.jpg,173
Aidan-Quinn.jpg,181
Burt-Lancaster.jpg,179
Alan-Arkin-RIP.jpg,172
Kurt-Angle.jpg,177
Zendaya.jpg,172
Beau-Bridges.jpg,174
Matthew-Perry-RIP.jpg,179
Alain-Delon.jpg,173
NormanLloydRIP.jpg,163
2018-08-04-332_67826-7_231087.jpg,182
Tony-Curtis.jpg,171
Bill-Paxton.jpg,180
Steve-Carell.jpg,173
Nikita-Mihalkov.jpg,179
Eva-Marie-Saint.jpg,154
William-Sadler.jpg,171
Jaimie-Alexander.jpg,170
Dennis-Haysbert.jpg,190
Mickey-Rooney.jpg,152
Billy-Crystal.jpg,166
JosephGilgun.jpg,181
Dominic-Cooper.jpg,176
Dan-Aykroyd.jpg,180
Bret-Hart.jpg,180
Seth-Green.jpg,159
Garrett-Hedlund.jpg,186
Roman-Polanski.jpg,158
Stephen-Lang.jpg,173
James-Cameron.jpg,185
Charlton-Heston.jpg,184
Jason-Isaacs.jpg,178
AKarelin.jpg,188
DickVanDyke.jpg,175
James-Brolin.jpg,183
Don-Rickles.jpg,163
Eli-Wallach.jpg,162
Mac-Sethfaralane.jpg,177
Kate-Winslet.jpg,166
Matt-Dillon.jpg,175
Anthony-Joshua.jpg,198
Tony_bennett-RIP.jpg,165
Cm-Punk.jpg,179
Egor-Kreed.jpeg,182
DJ-Smash.jpeg,179
HalHolbrook-RIP.jpg,174
Val-Kilmer.jpg,175
Bruce-Dern.jpg,176
BigCass.jpg,202
Shartin-Meen.jpg,166
Robert-Wagner.jpg,175
Andrew-Rannells.jpg,183
AJ-Calloway.jpg,186
Javier-Bardem.jpg,180
Jay-Leno.jpeg,176
Robert-Maillet.jpg,206
Gary-Sinise.jpg,173
James-Woods.jpg,178
Margot-Robbie.jpg,164
The-Great-Khali.jpg,214
Edward-Burns.jpg,180
Nathan-Jones.jpeg,203
Keith-Carradine.jpg,182
Martyn-Ford.jpg,201
Kim-Coates.jpg,183
Tom-Sizemore-RIP.jpg,178
Steven-Spielberg.jpg,169
Harry-Belafonte-RIP.jpg,178
Dennis-Hopper.jpg,166
joel-kinnaman.jpg,189
Gary-Busey.jpg,179
Nat-Wolff.jpg,182
Christopher-Plummer-RIP.jpg,173
Lee-Ermey.jpg,178
John_Carroll_Lynch.jpg,187
NestorK.jpg,174
Sergey-Bezrukov.jpeg,171
Taylor-Lautner.jpeg,172
Glenn_Jacobs.jpg,199
Winston-Duke.jpg,198
James-Cromwell.jpg,197
Michael_Strahan.jpg,196
moeller_ralph.jpg,195
Blake-Shelton.jpg,194
Tom-Brady.jpg,193
Bill-O-Rielly.jpg,192
Pee-Lace.jpg,191
Kevin-Nealon.jpg,190
John-Kerry.jpg,189
Adam-Copeland.jpg,188
Steven_Ogg.jpg,187
Richard-Armitage.jpg,186
Jon-Voight.jpg,185
Jeff-Daniels.jpg,184
Jai-Courtney.jpg,183
Mamx-Vov-Sys.jpg,182
DB-Weiss.jpg,181
Danny-Aiello.jpg,180
Kane-Hodder.jpg,186
Tom-Felton.jpg,174
Martin-Scorsese.jpg,157
David-Benioff.jpg,187
TonyChiba.jpg,169
Scott-Caan.jpg,165
Francis-Ford-Coppola.jpg,173
Sam-Worthington.jpg,174
Dana-White.jpg,177
Chevy-Chase.jpg,190
Roger-Moore.jpg,180
Stisg.jpg,176
Johnny-Cash.jpg,177
Kirk-Douglas.jpg,165
Tom-Noonan.jpg,199
Fef-Jahey1.jpg,179
Andy-Garcia.jpg,173
Tyson-Fury.jpg,200
Olofmeister.jpeg,184
John-Krasinski.jpg,186
Kristanna-Loken.jpg,180
Tom-Berenger.jpg,178
Tom-Waits.jpg,177
Had-Erris.jpg,173
Tilda-Swinton.jpg,176
The-Undertaker.jpg,197
Daniel_Day_Lewis.jpg,181
Derek-Mears.jpg,194
adam-driver.jpg,189
Hene-Gackman.jpg,182
Tyler-Mane.jpg,202
Nick-Nolte.jpg,179
Uma-Thurman.jpg,179
Rob-Zombie.jpg,174
Colin-Hanks.jpg,185
Benneth-Kranagh.jpg,175
Vince-McMahon.jpg,180
Matt-Smith.jpg,182
Clifton-Collins.jpg,169
Jennifer-Connelly.jpg,167
Tom-Payne.jpg,166
Christopher-Reeve.jpg,188
Rur-Grir.jpeg,171
Seth-Rollins.jpg,185
Ian-McShane.jpg,167
SigourneyWeaver.jpg,177
Mill-Burray.jpg,184
PeterFonda.jpg,180
Post-Malone.jpg,183
Adam_Baldwin.jpg,191
Danny-Glover.jpg,186
Brock-Lesnar.jpg,188
Margaret-Qualley.jpg,170
Sonald-Dutherland.jpg,182
Sergey-Lavrov.jpg,185
Eric_Dane.jpg,184
Don-Johnson.jpg,174
Semen-Slepakov.jpg,196
LeBronJames.jpg,201
Jonathan-Banks.jpg,172
Harvey-Keitel.jpg,168
Ross-Marquand.jpg,181
Huh-Wew.jpg,187
Vin-Diesel.jpg,178
Braun_Strowman.jpg,199
Ross-Butler.jpg,189
Warren-Beatty.jpg,182
MickeyRourke.jpg,177
WoodyAllen.jpeg,161
Listopher-Cree.jpg,188
BenKingsley.jpg,170
Drew-McIntyre.jpg,194
Brian_Thompson.jpg,186
Kris-Kristofferson.jpg,175
Michael-Bay.jpg,184
robbie-williams.jpg,179
KurtCobain.jpg,172
CourtneyLove.jpg,170
IanMcKellen.jpg,176
KevinOwens.jpg,178
Newm-Paulman.jpg,173
James-Caan-RIP.jpg,172
FleaRHCP.jpg,165
Chad-Smith.jpg,186
Igor-Vernik.jpg,178
Stephen-Amell.jpg,183
Grant-Gustin.jpg,180
Scott-Adkins.jpg,178
Sidney-Poitier-RIP.jpg,185
Frank-Langella.jpg,182
Shawn-Ashmore.jpg,177
Timothy-Olyphant.jpg,181
George-Walker-Bush.jpg,179
James-Caviezel.jpg,183
Roman-Reigns.jpg,188
Monica-Bellucci.jpg,166
jim-morrison.jpeg,175
RAy-Manzarek.jpg,184
JohnDensmore.jpg,171
RingoStarr.jpg,165
Robbie-Krieger.jpg,169
Manson-.jpg,176
Sheamus.jpg,190
BarryPepper.jpg,175
BaronCorbin.jpg,198
Dave-Franco.jpg,165
Alexander_nevSky.jpg,194
Helena-Bonhem-Carter.jpg,157
Robert_sheehAn.jpg,181
Common.jpg,180
Logan-Lerman.jpg,172
Dwight-Howard.jpg,209
Robert_Duvall.jpg,173
Fatthew-MacMamadyen.jpg,188
Brancy-Clown.jpg,186
FrankDarabont.jpg,180
BigShow.jpg,208
Ray_Stevenson-RIP.jpg,189
ChristopherWalken.jpg,179
seth-rogen.jpg,178
marjanovic.jpg,222
James-Corden.jpg,171
Domhnall-Gleeson.jpg,185
Finn_Balor_Bio_07.jpg,176
Glendan-Breeson.jpg,183
the-miz.jpg,182
CalvinHarris.jpg,197
CharlieSheen22.jpeg,172
Diane-Kruger.jpg,164
Dichael-Mouglas.jpg,170
MatthewLillard.jpg,187
BlakeLively.jpg,174
DamonAlbarn.jpg,175
Lude-Jaw.jpg,177
Hosh-Jartnett.jpg,187
Tom-Ellis-Wallpapers-HD.jpg,189
TomWelling.jpg,190
kevin-durand.jpg,193
Wavid-Dehnam.jpg,178
noah-schnapp.jpg,169
viggo-mortensen.jpg,176
Eremy-Jirons.jpg,183
AmberHeard_.jpg,168
Will-Poulter.jpg,185
M-Keaton.jpg,173
Tommy-Lee-Jones.jpg,179
Nam-Seill.jpg,181
Terry-OQuinn.jpg,183
Ric-Flair.jpg,175
walton-goggins.jpg,177
ChrisODowd.jpg,188
Matthew-Fox.jpeg,184
SeanPenn.jpg,171
Gaten-Matarazzo.jpg,162
VincentDOnofrio.jpg,192
Titus.jpg,191
KendallJenner.jpg,172
DaxShepard.jpg,186
Dolph-Ziggler.jpg,179
PobertRatrick.jpg,178
Hethan-Wawke.jpg,176
RandyOrton.jpg,192
AdamLevine.jpg,180
Chris-Jericho-HD-Wallpaper.jpg,177
2_Melanie-Thierry.jpg,155
AaronTaylorJohnson.jpg,178
JoshHolloway.jpg,182
DominicMonaghan.jpg,169
EvangelineLilly.jpg,163
DanReynolds.jpg,190
HowardStern.jpg,196
TheoJames.jpg,183
AnselElgrot.jpg,187
BruceCampbell.jpg,182
16_Tony-Goldwyn.jpg,180
BillPullman.jpg,183
Lalec-Boobldwin.jpg,179
Kevin_Nash.jpg,204
BonJovi.jpg,174
Folin-Carrell.jpg,176
JAA.jpg,167
KellanLutz.jpg,183
CaraDelevingne.jpg,170
Pedro-Pascal-Red-Carpet.jpg,177
WWE-Superstar-Stone-Cold.jpg,184
BillyZane.jpg,181
JeffGoldblum.jpg,189
Waul_Palker.jpg,185
Ludacris.jpg,173
Hulk-Hoooohgan.jpg,190
drrake.jpg,180
Gal_Gadot.jpg,175
Pac-Alino.jpg,163
Harden.jpg,195
Sas-Sesiott.jpg,184
Kareem_Abdul_Jabbar.jpg,213
jack-nicholson-6283147-.jpg,174
Thomas-Jane-LA-Noir.jpg,176
Slater.jpg,171
GuyPearce.jpg,177
Taron_Egerton.jpg,175
asa-butterfield.jpg,179
ChazzPalminteri.jpg,185
Vaughns-Vin.jpeg,194
badyk5.jpg,186
IgorJijikine.jpg,188
Chadwick-Boseman-Rip.jpg,180
JCusack.jpg,187
Ralan-Ickman.jpg,182
LukeEvans.jpg,181
912a3f90-de94-11e6-8f78-9133dc9f1779_GettyImages-6.jpg,167
larsmikkelsen.jpg,190
fond-ecran-wallpaper-image-ben-mckenzie-19.jpg,172
Fedor.jpg,178
GettyImages-685542094-1504215939.jpg,179
Dad-Thewew.jpg,189
MilesRobbins.jpg,183
Nathan_Fillion_wallpaper_pack.jpg,186
DSCF0881.jpg,196
EhYCdIqf3jajayVCd0SpUOUyURKNxLqZ.jpg,202
AnntytHooh.jpg,174
David-Duchovny-wall.jpg,181
017c0ac3172f0a11d3e10946521e54c5.jpg,171
Modew-Matthine.jpg,188
8aa5ce9ec366cc40e53bcdb1ab22c2e2.jpg,170
gettyimages-628422842-e1486240149624.jpg,176
54277625_340368483267656_481038412544185254_n.jpg,197
fonds-ecran-adewale-akinnuoye-agbaje-19.jpg,185
rexfeatures_8867553bi.jpg,191
2_Laurence-Fishburne.jpg,178
276231-patrick-wilson-patrick-wilson.jpg,180
maisie-williams-quotgame-of-thronesquot-season-6-p.jpg,151
nintchdbpict000393372254.jpg,173
Sheesh.jpeg,172
038.jpg,191
lena-headey.jpg,166
33192478-pd1.jpg,185
GettyImages-463277624.jpg,177
186911603.jpg,189
Dmitrij-Nagiev1.jpg,172
Mamrtit-Freermam.jpg,169
mam-cuc.jpeg,183
Strank0Morg.jpeg,185
steven-yeun-1-.jpg,172
paul-dano-wide-wallpaper-57576-59340-hd-wallpapers.jpg,181
Bobert-Redrdford.jpg,175
SAnek.jpg,188
3258738_2048_1152.jpg,190
Hayden-Christensen_01.jpg,181
Kobe-Bryant-RIP-2020.jpg,198
dl_u322948_005b.jpg,159
Alexander-Ludwig.jpg,187
gettyimages-629518728.jpg,184
kirkorov-3.jpg,195
sophie-turner-1-.jpg,173
PaulRudd.jpg,175
Reddie-Edmayne.jpg,178
nintchdbpict000243370667-e1465910390460.jpg,191
Owive-Clowen.jpg,185
Dred-Furst.jpg,169
mahershalaaliaaa.jpg,186
JDuh.jpg,190
g_47beef9c6ffd0515ab360f355c5034b3_2_1400x1100.jpg,182
162951.jpg,174
VVp.jpg,168
Josh-B.jpg,176
130348.f4bc7911-9fa3-42a2-b10d-0508750dc645.jpg,186
big_startfilmru1408108-1-.jpg,192
b691e12de568cb2bfc750994ddc6614c15a4ac8a.jpg,166
joseph-gordon-levitt.jpg,174
DaMtMsnX0AA-JBQ.jpg,183
61e4a780-6ccd-11e7-93f5-b3ad0448b36d_AP_1705803006.jpg,179
Toter-OPeele.jpg,181
Spevin-Kacey.jpg,175
00-DSC_8592.jpg,180
JimBeam.jpeg,177
HuhLood.jpg,184
donnie-yen.jpg,170
9dbb35239b6c100d47c633baf1bf0471.jpeg,189
garik-martirosjan.jpg,182
18b3f8a7350800ceb213374d88284771.jpg,164
Kyk-Machaah.jpg,178
1433048447_1.jpg,181
Hat-Jamesfield.jpg,184
Lel.jpg,175
Lauren-Cohan-wallpaper-pack.jpg,167
gettyimages-805404468-1524766414.jpg,182
5b0d0a39baaace421e0ffe850385b6ad.jpg,191
tom-cruise.jpg,169
12_Chiwetel-Ejiofor.jpg,176
gordo2n2.jpg,185
000_l806e.c3ea9085937.original.jpg,175
Will-Arnett-1.jpg,187
699962730d07a8b9ab05a724d8bd3339.jpg,178
maxresde4fault.jpg,186
nicici.jpg,183
David-Lynch-1496155482.jpg,175
Hark-Mamill.jpg,170
david-morrissey.jpg,188
Civil-War-Premiere-SebastianStanSpain_com-1.jpg,179
1527065228_yuri-kolokolnikov.jpg,192
Jaj-Rer.jpeg,186
ewan-mcgregor-via-getty-images-2019.jpg,174
igor-akinfeev-russland-confed-cup-2017_h3w703mh8vt.jpg,186
eb25146f-b150-4bc2-8d1f-f1b93fd0b9af.jpeg,184
0318_gots3premiere_72.jpg,176
Irdrirs-Lelba.jpg,187
Q5MA8msP1jXuQUCVHqJz0vhpAjp.jpg,182
Bevin-Cacon.jpg,177
7775220400_michael-madsen.jpg,183
Joj-Mam.jpg,193
JAYZZZ.jpg,184
TWR-COVER-Nicole-Kidman-02-1950x12991.jpg,177
2_Danny-Devito.jpg,147
Nor-Chucckis.jpg,172
Schnei0Robder.jpg,163
69cca585b82038a4584b6d997b97a0b5.jpeg,189
Dud-Hoh.jpeg,165
837680124.jpg,189
naom_5b4db19fb4085.jpg,173
Dad-Bab.jpg,188
QUQU.jpg,180
Con-Seannery.jpg,183
DmGuberniev.jpg,200
Raniel-Dadcliffe.jpg,162
Zaz-Gaaag.jpg,170
kane.jpg,188
Caicl-Maine.jpg,183
Hideo-Kojija.jpg,172
Gigdt.jpg,174
e00e1b52-6f1e-11e2-ac5d-d6df0ac8a66d.jpg,174
GettyImages-108080946.jpg,171
MamBabJoj.jpg,178
ASAAND.jpg,176
MAli.jpg,184
img_60931.jpg,165
cannes10mai_01_0.jpg,180
Soaironan.jpg,162
SJ-Kikmons.jpg,177
Brer-Frar.jpg,186
Sevin-Korbo.jpg,187
nolan.jpg,179
Kek-Coc.jpg,182
norman-reedus-db2df3f5f4b55234.jpg,175
l5n6RGpMhEQ.jpg,168
cb4b9ecad918f7edf90ed4ea15436ad7.jpg,194
9bd5815cf1e593fd803577a6194238ee.jpg,179
Phric-Cratt.jpg,187
ulybka-kate-beckinsale.jpg,168
6166.jpg,171
Eddie-MMM.jpg,175
Falph-Riennes.jpg,177
keira-knightley-british-actress-movie-stars-beauti.jpg,165
75.jpg,196
52c649afd89539d553e0149a06a81e89.jpg,197
Joj-Pheph.jpg,170
LiamNeeson.jpg,188
Pip-Bror.jpg,183
Reric-Banana.jpg,184
IMG_40861.jpg,179
b7b977305438579c2cd8855f5a87beb8.jpg,193
AnnihilationPremiere-008.jpg,172
Gave-Drohl.jpg,180
noonY-Joxville.jpg,180
Pol_Makkartni.jpg,174
Robb-Titmisn.jpg,192
Chlol-Grar-Mom.jpg,162
jackie_earl_haley-sag_indie_brunch-getty-h-2016.jpg,166
ArmieHammer111.jpeg,191
wp3112031.jpg,170
tramp16.jpeg,185
ben-stiller.jpg,169
Hih-Lel.jpg,180
Bristian-Chale.jpg,180
1410459691_1407586452_1398385383_003_andrei_arlovs.jpg,193
Zuck-Markerberg.jpg,171
ufo-sighting-alien-skull-spotted-on-the-surface-of.jpg,171
14_Melanie-Laurent.jpg,157
LiamCun.jpeg,178
kristofer-hivju-1.jpg,178
Gyrese-Tibson.jpeg,180
shutterstock_9472676be.jpg,181
Vinnie-Jones-Mugshot.jpg,185
ac8a8d9f6178968937df82a39e4dc200.jpg,192
Batt-Momer.jpg,178
PaulBettany.jpg,188
Stellan-Skkks.jpg,187
Bloomando-Orl.jpg,176
Deter-Pinklage.jpg,133
Woody-2Harrelson.jpg,175
Trooooth.jpg,168
KRussell.jpg,176
Ashton-Kutcher-Wallpapers.jpg,186
Wiw-Dad.jpg,169
Tom_Hiddleston.jpg,185
Tranny-Dejo.jpeg,166
michael-pena-james-bond-chiwetel-ejiofor.jpg,170
koljan.jpg,185
2.33573244.jpg,191
996113_1438082400.jpg,190
Iain-Genl.jpg,179
Hon-Jamm.jpg,184
Ryan-Hurst.jpg,195
Hane-Deaan.jpg,173
Statric-Pewart.jpg,172
Men_Male_Celebrity_Famous_Actor_Zac_Efron_058192_.jpg,174
Charlize-Theron.jpg,174
Geoffrey-Rush.jpg,178
ustv-thomas-kretschmann.jpg,172
CEvans.jpg,181
Joel-Edgerton.jpeg,179
Pon-Rerlman.jpg,181
Nicolas-Cace.jpg,179
Keanu-Reeves-Wick.jpg,182
labeouf.jpg,174
NHoult.jpg,186
a1cbde6f060d25ac00f8418bf57d0a94.jpg,214
Doop-Snogg.jpg,192
Joj-Ceca.jpg,183
HUHNamC.jpg,180
RPattinson.jpg,181
JamieFoxxmain.jpg,177
SaamsRorkwew.jpg,171
Bandonio-Anteras.jpg,172
Kim-Jarrey.jpg,183
elajdzha_vud_akter_litso_ulybka_kostyum_109594_144.jpg,165
James-McAvoy.jpg,170
d2d826e30487f79e7acd29c6736d28b8.jpg,177
JBlack.jpg,169
fi.jpg,178
Wuce-Brillis.jpg,178
Dohnny-Jepp.jpg,173
HenryCavilWitcher.jpg,182
JaredLeeto.jpg,175
Stephen-King-for-desktop-background.jpg,185
ENort.jpg,180
Rary-Lolman.jpeg,172
1581.jpg,173
David-Morse.jpg,189
Pep-Strorro.jpg,185
047.jpg,181
MRapaport.jpg,184
Ch-Waw.jpg,170
Folin-Cirth.jpeg,184
Mark-Ruffalo.jpg,169
prince-harry-preview.jpg,187
Fichael-Massbender.jpg,178
Schwei-Tilger.jpg,175
Ryrryr-rRara.jpg,186
MJF.jpg,162
maxnewsfrthree318311.jpg,180
BradPiptpp.jpg,177
Dwayne-Johnson.jpg,187
Pres-BillClinton.jpg,181
fedor.jpg,182
BDT.jpg,183
Karl-Urban-Wallpapers.jpg,183
141130-barack-obama-jms-2018_77d8d2ecae194a0123be4.jpg,185
ZQ.jpg,182
Bridge-Jeffress.jpg,180
GeorgeClooney.jpg,177
NPH1973.jpg,181
Miles-Teller-for-desktop.jpg,184
Metallicas-Lars-Ulrich.jpg,165
MattDamon.jpg,176
Jeffrey-Dean-Morgan-Wallpapers.jpg,182
BAffleck.jpg,186
RussellCrowe.jpg,177
GerardButler.jpg,185
WilllllSMith.jpg,184
Wewsez-Shahington.jpg,180
Craniel-Daig.jpg,178
Liev.jpg,185
Jugh-Hahman.jpg,184
jgj.jpg,182
KHart-1.jpg,160
Mark-Wahlberg1.jpg,171
Bobdenin.jpg,170
WillFerrell.jpg,187
111278.jpg,170
actor-jacket-hair-Person-Channing-Tatum-man-look-h.jpg,182
Farrison-Hord.jpg,179
PrayerBeforeDawnPhotocall70thAnnualCannesU_k3ikAvl.jpg,177
1479728864_5832dee0c8d49.jpg,172
GettyImages-527984656.jpg,175
evansshaun13.jpg,173
cillian-murphy-180226.jpg,171
GettyImages-505000852.jpg,175
chris-pine.jpg,183
jj-abrams.jpg,170
JeremyRenner.jpg,173
justin-timberlake-cannes-color-2016-billboard-1548.jpg,182
East-Cliltwoow.jpg,181
kenwatanabe_201602110658090.jpg,182
LeonardoDicaprio.jpg,179
Hankss.jpg,182
RyanGosling.jpg,182
Brar-Coc.jpg,183
Tike-Myson.jpg,177
Antony-Mackie.jpg,178
g_81beef58a5d678dba38fe1dfaf09a0c1_2_1400x1100.jpg,163
Matthew-McConaughey.jpg,178
ROR-DOW_JRJ.jpg,172
Samuel-L-Jackson-scaled.jpg,184
Gwyneth-Paltrow1.jpg,175
Tobey-Maguire.jpg,172
str2_aygoldenglobes_stallone_angelin.jpg,173
Forgan-Mreeman.jpg,185
Jimmy-Fallon.jpg,180
JasonStathamattendsphotocallExpendablesR1qyvwiExJj.jpg,188
ice-cube-feb-2016-billboard-1548.jpg,173
tjtk.jpg,177
JStatham.jpg,175
JaredPadalecki.jpg,193
wp1976264.jpg,170
b2d7d456.jpg,181
Actor-Andy-Samberg-Photos-81201672.jpg,174
James-Franco-desktop-background.jpg,178
6868214.jpg,177
conormcgregor-cropped_1hbvksfee6ein1kz6hol9sna9t.jpg,175
Floyd-Mayweather.jpg,170
lionel-messi-barcelona-champions-league-2016_1klnl.jpg,169
Cristiano-Ronaldo-Wallpaper-15.jpg,185
_Barcelona_Neymar_049288_.jpg,174
gerard-pique-1517308918.jpg,194
2017-04-20_13-46-38_01.jpg,182
turjngf.jpg,178
na-repera-50-cent-podali-v-sud-iz-za-publikacii-v-.jpg,183
Climila-Elarke.jpg,155
